# Points
# New categories found under the following sections in Mapsource.
# bicycle rental: transportation/car_rental; 
# traffic_lights: Other/Business Services; 
# hunting_blind: Other/Social_services; 
# Windpower: Other/Repair_Service.
# Wlan (mainly Fon AP), Other Communications
point|place|city|0x04||10
point|place|town|0x08||16
point|amenity|WLAN|0x2f|0x12|22
point|amenity|Wlan|0x2f|0x12|22
point|amenity|wlan|0x2f|0x12|22
point|leisure|hunting_blind|0x2f|0x14|22
point|building|hunting_blind|0x2f|0x14|22
point|amenity|hunting_blind|0x2f|0x14|22
point|amenity|hochstand|0x2f|0x14|22
point|amenity|blind|0x2f|0x14|22
point|amenity|bicycle_rental|0x2f|0x02|22
point|power_source|wind|0x2f|0x13|20
point|highway|traffic_signal|0x2f|0x11|22
point|highway|traffic_signals|0x2f|0x11|22
point|highway|traffic_lights|0x2f|0x11|22
point|highway|traffic_light|0x2f|0x11|22
point|highway|ampel|0x2f|0x11|22
point|place|suburb|0x0a||22
point|place|village|0x0b||20
point|place|hamlet|0x11||22
point|place|locality|0x11||22
point|tourism|motel|0x2b|0x01|22
point|amenity|atm|0x2f|0x06|21
point|amenity|cashpoint|0x2f|0x06|21
point|amenity|cash_point|0x2f|0x06|21
point|tourism|zoo|0x2c|0x07|23
point|amenity|arts_centre|0x2f|0x14|23
point|amenity|bank|0x2f|0x06|21
point|amenity|bank;atm|0x2f|0x06|23
point|amenity|biergarten|0x2d|0x02|23
point|amenity|heuriger|0x2d|0x02|23
point|amenity|bus_station|0x2f|0x08|23
point|amenity|car_wash|0x2f|0x0e|23
point|amenity|cinema|0x2d|0x03|23
point|amenity|college|0x2c|0x05|23
point|amenity|courthouse|0x30|0x04|23
point|amenity|drinking_water|0x50|0x00|20
point|waterway|water_point|0x50|0x00|22
point|amenity|fast_food|0x2a|0x07|22
point|amenity|fire_station|0x30|0x08|23
point|amenity|fountain|0x65|0x00|22
point|amenity|quelle|0x65|0x00|22
point|natural|volcano|0x65|0x09|20
point|amenity|fuel|0x2f|0x01|23
point|amenity|grave_yard|0x64|0x03|23
point|amenity|hospital|0x30|0x02|22
point|amenity|library|0x2c|0x03|22
point|amenity|parking|0x2f|0x0b|20
point|amenity|bicycle_parking|0x2f|0x0b|23
point|amenity|pharmacy|0x2e|0x05|22
point|amenity|place_of_worship|0x2c|0x0b|23
point|amenity|police|0x30|0x01|23
point|amenity|post_office|0x2f|0x05|23
point|amenity|post_box|0x2f|0x05|23
point|amenity|pub|0x46|0x00|23
point|amenity|bar|0x46|0x00|22
point|amenity|public_building|0x30|0x03|23
point|amenity|recycling|0x2f|0x15|23
point|amenity|restaurant|0x2a|0x00|23
point|amenity|cafe|0x2a|0x00|20
point|amenity|school|0x2c|0x05|23
point|amenity|shelter|0x61|0x00|21
point|building|shelter|0x61|0x00|21
point|amenity|refuge|0x61|0x00|21
point|amenity|supermarket|0x2e|0x02|23
point|amenity|telephone|0x51|0x00|23
point|amenity|theatre|0x2d|0x01|23
point|amenity|toilets|0x4e|0x00|23
point|amenity|toilet|0x4e|0x00|23
point|amenity|townhall|0x30|0x03|23
point|amenity|university|0x2c|0x05|23
point|amenity|zoo|0x2c|0x07|23
point|highway|bus_stop|0x2f|0x08|23
point|railway|subway_entrance|0x2f|0x08|22
point|historic|museum|0x2c|0x02|23
point|historic|ruins|0x64|0x16|23
point|historic|castle|0x64|0x02|23
point|historic|memorial|0x2c|0x02|23
point|historic|archaeological_site|0x16|0x00|23
point|leisure|golf_course|0x2d|0x05|21
point|leisure|marina|0x43|0x00|21
point|leisure|park|0x2c|0x06|21
point|leisure|pitch|0x2c|0x08|21
point|leisure|sports_centre|0x2d|0x0a|21
point|leisure|stadium|0x2c|0x08|21
point|leisure|track|0x2c|0x08|21
point|aeroway|airport|0x59|0x00|20
point|man_made|tower|0x64|0x11|21
point|man_made|power_wind|0x2b|0x02|20
point|man_made|reservoir_covered|0x65|0x0f|21
point|man_made|reservoir|0x65|0x0f|21
point|man_made|water_tower|0x65|0x0f|21
point|power|generator|0x64|0x00|21
point|power|sub_station|0x64|0x00|21
point|power|tower|0x64|0x00|21
point|natural|beach|0x66|0x04|20
point|natural|cliff|0x66|0x07|20
point|natural|peak|0x66|0x16|20
point|natural|rock|0x66|0x14|20
point|natural|spring|0x65|0x11|23
point|natural|geyser|0x65|0x09|22
point|natural|glacier|0x65|0x0a|20
point|railway|halt|0x2f|0x08|22
point|railway|station|0x2f|0x08|22
point|railway|tram_stop|0x2f|0x08|23
point|shop|bakers|0x2e|0x00|23
point|shop|bakery|0x2e|0x00|23
point|shop|baker|0x2e|0x00|23
point|shop|butchers|0x2e|0x00|23
point|shop|butcher|0x2e|0x00|23
point|shop|book|0x2e|0x00|23
point|shop|convenience|0x2e|0x00|23
point|shop|doityourself|0x2e|0x00|23
point|shop|kiosk|0x2e|0x00|23
point|shop|outdoor|0x2e|0x00|23
point|shop|bicycle|0x2e|0x00|23
point|shop|supermarket|0x2e|0x00|23
point|shop|electronics|0x2e|0x00|23
point|tourism|attraction|0x64|0x02|23
point|tourism|camp_site|0x2b|0x03|23
point|tourism|caravan_site|0x2b|0x03|23
point|tourism|hotel|0x2b|0x01|23
point|tourism|guest_house|0x2b|0x01|20
point|tourism|information|0x4c|0x00|23
point|tourism|picnic_site|0x4a|0x00|23
point|tourism|theme_park|0x2c|0x01|23
point|tourism|viewpoint|0x52|0x00|23
point|man_made|windmill|0x64|0x11|20
#
#
#Polygons
# polygon|landuse|residential|0x01||20
# Taken out because it looks better simply as polyline
# polygon|place|city|0x01||20
polygon|place|town|0x02||20
polygon|place|suburb|0x02||20
polygon|place|village|0x03||20
polygon|place|hamlet|0x03||20
polygon|place|locality|0x03||20
polygon|amenity|prison|0x04||22
polygon|military|airfield|0x04||22
polygon|military|barracks|0x04||22
polygon|military|danger_area|0x04||22
polygon|military|range|0x04||22
polygon|amenity|parking|0x05||22
polygon|amenity|bicycle_parking|0x06||22
# 0x07 empty
polygon|amenity|supermarket|0x08||22
polygon|shop|supermarket|0x08||22
polygon|amenity|retail|0x08||22
polygon|leisure|marina|0x09||22
polygon|leisure|water_park|0x09||22
polygon|leisure|playground|0x10||20
polygon|amenity|public_building|0x0a||22
polygon|amenity|school|0x0a||22
polygon|amenity|college|0x0a||18
polygon|amenity|hospital|0x0b||22
polygon|landuse|industrial|0x0c||22
polygon|power|generator|0x0c||22
polygon|power|sub_station|0x0c||22
polygon|place|locality|0x0d||24
polygon|leisure|common|0x0d||20
polygon|aeroway|apron|0x0e||20
polygon|landuse|runway|0x0e||20
polygon|sport|model_aerodrome|0x0e||22
polygon|landuse|commercial|0x0f||22
polygon|building|commercial|0x13||22
polygon|landuse|quarry|0x11||19
polygon|historic|archaeological_site|0x12||22
# 0x13 see at end = Building
polygon|building|tramdepot|0x13||22
polygon|amenity|university|0x14||22
polygon|building|university|0x14||22
polygon|building|church|0x15||22
polygon|building|cathedral|0x15||22
polygon|leisure|nature_reserve|0x16||20
polygon|leisure|park|0x17||22
polygon|landuse|village_green|0x17||20
polygon|landuse|recreation_ground|0x17||20
polygon|leisure|golf_course|0x18||22
polygon|sport|golf|0x18||22
polygon|leisure|miniature_golf|0x18||22
polygon|leisure|track|0x19||22
polygon|leisure|pitch|0x19||22
polygon|sport|pitch|0x19||22
polygon|sport|baseball|0x19||22
polygon|sport|basketball|0x19||22
polygon|sport|boules|0x19||22
polygon|sport|bowls|0x19||22
polygon|sport|cricket|0x19||22
polygon|sport|cricket_nets|0x19||22
polygon|sport|croquet|0x19||22
polygon|sport|gymnastics|0x19||22
polygon|sport|hockey|0x19||22
polygon|sport|multi|0x19||22
polygon|sport|pelota|0x19||22
polygon|sport|racquet|0x19||22
polygon|sport|rugby|0x19||22
polygon|amenity|grave_yard|0x1a||21
polygon|landuse|cemetary|0x1a||21
polygon|landuse|cemetery|0x1a||21
polygon|sport|climbing|0x1b||20
polygon|sport|soccer|0x1c||20
polygon|sport|football|0x1c||21
polygon|sport|australian_football|0x1c||21
polygon|leisure|stadium|0x1d||20
polygon|sport|tennis|0x1e||21
polygon|leisure|sports_center|0x1f||20
polygon|leisure|sports_centre|0x1f||20
polygon|sport|motor|0x20||20
# 0x21 empty
polygon|sport|skating|0x22||21
polygon|sport|skateboard|0x22||21
polygon|sport|table_tennis|0x23||22
polygon|sport|athletics|0x24||21
polygon|building|sport|0x25||22
# 0x26 to 0x3a empty 
polygon|man-made|wastewater_plant|0x3b||22
polygon|natural|lake|0x3c||14
polygon|natural|water|0x3c||14
polygon|man-made|pool|0x3d||22
polygon|waterway|riverbank|0x3e||14
polygon|landuse|reservoir|0x3f||22
polygon|natural|reservoir|0x3f||22
polygon|natural|basin|0x41||20
polygon|tourism|zoo|0x42||22
polygon|building|railroad_station|0x43||22
polygon|landuse|construction|0x44||18
polygon|landuse|greenfield|0x44||18
polygon|landuse|brownfield|0x45||18
# 0x46-0x49 empty
# 0x4a reserved for outer line around the map, 0x4b only to be used in typfile as background colour definition
polygon|landuse|farm|0x4c||18
polygon|natural|glacier|0x4d||14
polygon|landuse|allotments|0x4e||22
polygon|leisure|garden|0x4e||22
polygon|natural|scrub|0x4f||22
polygon|natural|scrubs|0x4f||22
polygon|natural|scree|0x4f||22
polygon|natural|fell|0x4f||18
polygon|natural|heath|0x4f||18
polygon|landuse|forest|0x50||16
polygon|natural|wood|0x50||20
polygon|natural|marsh|0x51||22
polygon|natural|mud|0x51||22
polygon|landuse|landfill|0x52||18
#not yet in typfile
polygon|natural|bay|0x53||18
#not yet in typflie
polygon|natural|land|0x54||14
polygon|building|yes|0x13||22
polygon|building|tower|0x55||22
#0x56 and above empty, however how far can one go? 0x5f should still be possible
#
#
# Cycleroutes - as there is no draworder for Polylines, if one line is tagged with two definitions, the one higher up in the list will be used (not the one with the lower 0xNUMBER)
polyline|highway|steps|0x12||22
polyline|highway|ncn_major|0x0e||10
polyline|highway|rcn_major|0x0e||12
polyline|highway|ncn_minor|0x0e||10
polyline|highway|rcn_minor|0x0e||12
polyline|highway|lcn_major|0x0e||14
polyline|highway|lcn_minor|0x0e||15
polyline|highway|ncn_offroad|0x0e||10
polyline|highway|rcn_offroad|0x0e||12
polyline|highway|lcn_offroad|0x0e||15
polyline|highway|taxiway|0x09||22
polyline|highway|busway|0x09||22
polyline|highway|buslane|0x09||22
polyline|aeroway|bus_guideway|0x09||22
# Cycleways and mountain lifts
polyline|highway|cycleway|0x0b||20
polyline|piste:type|downhill|0x0c||20
polyline|piste:type|snow_park|0x0c||20
polyline|piste:type|downhill|0x0c||20
polyline|aerialway|drag_lift|0x0d||20
polyline|piste:lift|drag_lift|0x0d||20
polyline|aerialway|t-bar|0x0d||20
polyline|piste:lift|t-bar|0x0d||20
polyline|aerialway|schlepplift|0x0d||20
polyline|piste:lift|schlepplift|0x0d||20
polyline|aerialway|platter|0x0d||20
polyline|aerialway|rope_tow|0x0d||20
polyline|aerialway|j-bar|0x0d||20
polyline|aerialway|cable_car|0x15||16
polyline|aerialway|gondola|0x15||16
polyline|aerialway|mixed_lift|0x15||16
polyline|aerialway|chair_lift|0x16||18
polyline|tracktype|grade1|0x08||22
polyline|tracktype|grade2|0x10||22
polyline|tracktype|grade4|0x11||22
polyline|tracktype|grade5|0x11||22
polyline|highway|unsurfaced|0x10||22
polyline|highway|path|0x11||22
polyline|highway|track|0x10||22
# Pedestrians only
polyline|highway|footpath|0x29||22
polyline|highway|footway|0x2a||22
polyline|highway|pedestrian|0x2a||22
# other polylines
polyline|railway|subway|0x13||19
polyline|railway|light_rail|0x14||20
polyline|railway|rail|0x14||17
polyline|railway|tram|0x14||20
polyline|railway|narrow_gauge|0x14||22
# 0x17 not shown in Mapsource
polyline|waterway|stream|0x18||22
polyline|natural|coastline|0x19||10
polyline|route|ferry|0x1a||20
polyline|waterway|drain|0x1b||22
polyline|boundary|political|0x1c||10
polyline|boundary|administrative|0x1d||20
polyline|boundary|national|0x1e||10
polyline|waterway|river|0x1f||10
polyline|waterway|canal|0x1f||22
polyline|waterway|riverbank|0x49||20
# Attention: Not yet in Typfile 0x49 - will not show in Mapsource
polyline|contour_ext|elevation_minor|0x20||23
polyline|contour_ext|elevation_medium|0x21||22
polyline|contour_ext|elevation_major|0x22||20
# 0x20-0x25 are reserved for elevation and depth (=underwater) contourlines
polyline|aeroway|runway|0x27||20
polyline|aeroway|taxiway|0x27||23
polyline|aeroway|apron|0x27||23
polyline|power|line|0x28||23
# 0x2b - 0x3f not shown in Mapsource
polyline|highway|bridleway|0x00||21
polyline|highway|byway|0x00||21
polyline|highway|motorway|0x01|0x10|10
polyline|highway|motorway_link|0x02|0xab|18
polyline|highway|trunk|0x03||16
polyline|highway|trunk_link|0x03||16
polyline|highway|primary|0x04||19
polyline|highway|primary_link|0x04||19
polyline|highway|secondary|0x05||20
polyline|highway|tertiary|0x06||21
polyline|highway|unclassified|0x07||22
polyline|highway|residential|0x07||22
polyline|highway|living_street|0x07||22
polyline|highway|minor|0x07||22
polyline|highway|service|0x08||22
# In most countries bus and taxiways may be used by cyclists, taxiway should be used for lanes for aeroplanes, but maybe someone misuses it for cabs and taxis.
