<?xml version="1.0" encoding="UTF-8"?>
	<!--
		This is a collection of presets to be used in the OSM Haiti project
		after the haiti earthquake. First version posted by user Lübeck on the
		wiki See http://wiki.openstreetmap.org/wiki/WikiProject_Haiti for
		further information.
	-->
<annotations>
	<group name="earthquake" icon="earthquake.png">

		<item name="Aerial Images Source">
			<combo key="source" text="Source (add date!)"
				values="NOAA,Ikonos/ Geoeye,GeoEye1/ GeoEye,QuickBird/ DigitalGlobe,WorldView-2/ DigitalGlobe,ErosB/ ScanEx,Cnes/ SpotImage,JAXA/ ALOS,Google Aerial" />
		</item>

		<separator />

		<item name="Roads">
			<label text="edit highway" />
			<text key="name" text="Name" />
			<combo key="highway" text="Type"
				values="primary,secondary,tertiary,footway,unclassified,road,path,track"
				delete_if_empty="true" />
			<combo key="humanitarian:road:operationalstatus" text="Operational Status"
				values="open,restricted,closed,unspecified" />
			<combo key="humanitarian:road:operationalstatusquality" text="quality of operation status info"
				values="reported,confirmed,unspecified" />
		</item>
		<item name="Transport Obstacles">
			<label text="edit transport obstacles" />
			<combo key="type" text="Type"
				values="bridge_damage,road_damage,landslide_mudslide,debris,checkpoint,roadblock,unspecified" />
			<combo key="humanitarian:obstacle:operationalstatus" text="Operational Status"
				values="open,restricted,closed,unspecified" />
			<combo key="humanitarian:obstacle:operationalstatusquality"
				text="quality of operation Status Info" values="reported,confirmed,unspecified" />
		</item>
		<item name="Health Facilities" icon="eq_hospital.png">
			<text key="name" text="Name" />
			<label text="Edit health facilities" />
			<combo key="type" text="Type" values="hospital,field_hospital" />
			<combo key="humanitarian:healthfacility:operationalstatus"
				text="Operational Status" values="open,restricted,closed,unspecified" />
			<combo key="humanitarian:healthfacility:operationalstatusquality"
				text="Quality of Operation Status Info" values="reported,confirmed,unspecified" />
		</item>

		<separator />

		<item name="Collapsed Building" icon="eq_building_collapsed.png">
			<link
				href="http://wiki.openstreetmap.org/wiki/WikiProject_Haiti/MappingCoordination" />
			<label text="edit collapsed building" />
			<key key="earthquake:damage" value="collapsed_building" />
			<key key="building" value="collapsed" />
		</item>

		<item name="Spontaneous Camp" icon="eq_camping.png">
			<link
				href="http://wiki.openstreetmap.org/wiki/WikiProject_Haiti/MappingCoordination" />
			<label text="edit spontaneous_camp" />
			<key key="earthquake:damage" value="spontaneous_camp" />
			<key key="tourism" value="camp_site" />
		</item>

	</group>
</annotations>
